Course Title,Number of Lessons,Category,Price
(1),5 Lessons,All Courses,Free
"Navigating LLM Tradeoffs: Techniques for Speed, Cost, Scale & Accuracy",6 Lessons,All Courses,Free
(1),6 Lessons,All Courses,Free
(3),12 Lessons,All Courses,Free
(1),6 Lessons,All Courses,Free
Building Smarter LLMs with Mamba and State Space Model,14 Lessons,All Courses,Free
Generative AI,14 Lessons,All Courses,Free
(5),31 Lessons,All Courses,Free
Generative AI,31 Lessons,All Courses,Free
(6),17 Lessons,All Courses,Free
All Courses,17 Lessons,All Courses,Free
(2),7 Lessons,All Courses,Free
